{"accuracy": [0.5932996869087219, 0.8575859069824219, 0.9120136499404907, 0.9389287829399109, 0.9546909332275391, 0.9645494222640991, 0.9700547456741333, 0.9760722517967224, 0.9785048961639404, 0.9819332957267761], "loss": [1.3807088136672974, 0.45066332817077637, 0.2729143500328064, 0.19055978953838348, 0.1380971074104309, 0.10786893218755722, 0.09106893092393875, 0.07330064475536346, 0.06715599447488785, 0.05741064250469208], "val_accuracy": [0.7323014140129089, 0.9071818590164185, 0.9304006099700928, 0.9443432688713074, 0.9042795300483704, 0.9553835391998291, 0.9593671560287476, 0.9626678824424744, 0.9665945768356323, 0.9698383808135986], "val_loss": [0.8806210160255432, 0.2873539328575134, 0.21906597912311554, 0.1753726601600647, 0.30279776453971863, 0.1434290111064911, 0.12975209951400757, 0.12067874521017075, 0.11298137158155441, 0.10398777574300766]}